-- create admin with password: test
INSERT INTO HUMANPLAYER (ID, EMAIL, PASSWORDHASH, ROLE, USERNAME) VALUES (1,'admin@icehockeymanager.com','1000:1Iv2U5Y7GKIRZUCA0h4OLotmiVe/d5uM:5BerC98I42mDrt7UAgtjpFKH','ADMIN','admin');
-- create admin with password: userpass
INSERT INTO HUMANPLAYER (ID, EMAIL, PASSWORDHASH, ROLE, USERNAME) VALUES (2,'user@icehockeymanager.com','1000:7oHkZicdye0Sn4pWj+ttQhc0ZmOghWwd:6wBBhr9OvhsQswaP196YgzgF','USER','user');
-- create HC Kometa Brno with manager user
INSERT INTO TEAM (ID, BUDGET, COMPETITIONCOUNTRY, NAME, HUMANPLAYERID) VALUES (1,5000,'CZECH_REPUBLIC','HC Kometa Brno',2);
-- create HC Vsetín without any manager
INSERT INTO TEAM (ID, BUDGET, COMPETITIONCOUNTRY, NAME, HUMANPLAYERID) VALUES (4,4000,'CZECH_REPUBLIC','HC Vsetin',null);
-- create HC Sparta Praha without any manager
INSERT INTO TEAM (ID, BUDGET, COMPETITIONCOUNTRY, NAME, HUMANPLAYERID) VALUES (2,7000,'CZECH_REPUBLIC','HC Sparta Praha',null);
-- create HC Slovan Bratislava without any manager
INSERT INTO TEAM (ID, BUDGET, COMPETITIONCOUNTRY, NAME, HUMANPLAYERID) VALUES (3,10000,'SLOVAKIA','HC Slovan Bratislava',null);
-- create future game Kometa - Sparta
INSERT INTO GAME (ID, FIRSTTEAMSCORE, GAMESTATE, SECONDTEAMSCORE, STARTTIME, FIRSTTEAM_ID, SECONDTEAM_ID) VALUES (1,null,'OK',null,'2030-01-01 18:00:00',1,2);
-- create canceled future game Kometa - Vsetín
INSERT INTO GAME (ID, FIRSTTEAMSCORE, GAMESTATE, SECONDTEAMSCORE, STARTTIME, FIRSTTEAM_ID, SECONDTEAM_ID) VALUES (2,null,'CANCELED',null,'2025-06-01 13:00:00',1,4);
-- create future game Vsetín - Sparta
INSERT INTO GAME (ID, FIRSTTEAMSCORE, GAMESTATE, SECONDTEAMSCORE, STARTTIME, FIRSTTEAM_ID, SECONDTEAM_ID) VALUES (3,null,'OK',null,'2029-01-08 16:30:00',4,2);
-- create past game Sparta - Kometa
INSERT INTO GAME (ID, FIRSTTEAMSCORE, GAMESTATE, SECONDTEAMSCORE, STARTTIME, FIRSTTEAM_ID, SECONDTEAM_ID) VALUES (4,null,'OK',null,'2017-05-04 10:30:00',2,1);
-- create past game Vsetín - Kometa
INSERT INTO GAME (ID, FIRSTTEAMSCORE, GAMESTATE, SECONDTEAMSCORE, STARTTIME, FIRSTTEAM_ID, SECONDTEAM_ID) VALUES (5,null,'OK',null,'2017-11-01 12:30:00',4,1);
-- create goalie for Kometa
INSERT INTO HOCKEYPLAYER (ID, ATTACKSKILL, DEFENSESKILL, NAME, POST, PRICE, TEAMID) VALUES (1,2,80,'Marek Ciliak','GOALKEEPER',1200,1);
-- create goalie for Sparta
INSERT INTO HOCKEYPLAYER (ID, ATTACKSKILL, DEFENSESKILL, NAME, POST, PRICE, TEAMID) VALUES (2,2,50,'Filip Novotny','GOALKEEPER',1200,2);
-- create free agent goalie
INSERT INTO HOCKEYPLAYER (ID, ATTACKSKILL, DEFENSESKILL, NAME, POST, PRICE, TEAMID) VALUES (3,4,80,'Petr Cech', 'GOALKEEPER', 2200, null);
-- create free agent right wing
INSERT INTO HOCKEYPLAYER (ID, ATTACKSKILL, DEFENSESKILL, NAME, POST, PRICE, TEAMID) VALUES (4,65,20,'Marcel Hascak', 'RIGHT_WING', 1500, null);
-- create free agent left wing
INSERT INTO HOCKEYPLAYER (ID, ATTACKSKILL, DEFENSESKILL, NAME, POST, PRICE, TEAMID) VALUES (6,70,20,'Radim Zohorna', 'LEFT_WING', 800, null);
-- create free agent defenseman
INSERT INTO HOCKEYPLAYER (ID, ATTACKSKILL, DEFENSESKILL, NAME, POST, PRICE, TEAMID) VALUES (7,30,75,'Ondrej Nemec', 'DEFENSEMAN', 2000, null);
-- create free agent defenseman
INSERT INTO HOCKEYPLAYER (ID, ATTACKSKILL, DEFENSESKILL, NAME, POST, PRICE, TEAMID) VALUES (8,10,85,'Michal Gulasi', 'DEFENSEMAN', 1500, null);
-- create defenseman for Kometa
INSERT INTO HOCKEYPLAYER (ID, ATTACKSKILL, DEFENSESKILL, NAME, POST, PRICE, TEAMID) VALUES (9,10,60,'Michal Barinka','DEFENSEMAN',1100,1);
-- create defenseman for Kometa
INSERT INTO HOCKEYPLAYER (ID, ATTACKSKILL, DEFENSESKILL, NAME, POST, PRICE, TEAMID) VALUES (10,15,50,'Tomas Bartejs','DEFENSEMAN',1000,1);
-- create defenseman for Spart
INSERT INTO HOCKEYPLAYER (ID, ATTACKSKILL, DEFENSESKILL, NAME, POST, PRICE, TEAMID) VALUES (11,10,60,'Tomas Dvorak','DEFENSEMAN',1100,2);
-- create striker for Kome
INSERT INTO HOCKEYPLAYER (ID, ATTACKSKILL, DEFENSESKILL, NAME, POST, PRICE, TEAMID) VALUES (12,80,10,'Leos Cermak','CENTER',1350,1);
-- create striker for Kometa
INSERT INTO HOCKEYPLAYER (ID, ATTACKSKILL, DEFENSESKILL, NAME, POST, PRICE, TEAMID) VALUES (13,70,10,'Martin Docekal','CENTER',1200,1);
-- create striker for Sparta
INSERT INTO HOCKEYPLAYER (ID, ATTACKSKILL, DEFENSESKILL, NAME, POST, PRICE, TEAMID) VALUES (14,80,10,'Jiri Cernoch','CENTER',1350,2);
-- create striker for Sparta
INSERT INTO HOCKEYPLAYER (ID, ATTACKSKILL, DEFENSESKILL, NAME, POST, PRICE, TEAMID) VALUES (15,65,20,'Miroslav Forman','CENTER',1300,2);
-- create goalie for Vsetín
INSERT INTO HOCKEYPLAYER (ID, ATTACKSKILL, DEFENSESKILL, NAME, POST, PRICE, TEAMID) VALUES (16,2,80,'Daniel Bechny','GOALKEEPER',1200,4);
-- create striker for Vsetín
INSERT INTO HOCKEYPLAYER (ID, ATTACKSKILL, DEFENSESKILL, NAME, POST, PRICE, TEAMID) VALUES (17,85,15,'Petr Beranek','CENTER',1500,4);
